"Genus"	"species"	"guild_fg"
"Armillaria"	"Armillaria_gallica"	"Wood Saprotroph"
"Armillaria"	"Armillaria_sinapina"	"Plant Pathogen"
"Schizophyllum"	"Schizophyllum_commune"	"Animal Pathogen-Endophyte-Wood Saprotroph"
"Amanita"	"Amanita_muscaria"	"Ectomycorrhizal"
"Amanita"	"Amanita_verna"	"Ectomycorrhizal"
"Amanita"	"Amanita_virosa"	"Ectomycorrhizal"
"Amanita"	"Amanita_sp."	"Ectomycorrhizal"
"Armillaria"	"Armillaria_mellea"	"Plant Pathogen-Wood Saprotroph"
"Armillaria"	"Armillariella_mellea"	"Plant Pathogen-Wood Saprotroph"
"Armillariella"	"Armillariella_sp."	"Plant Pathogen"
"Cantharellus"	"Cantharellus_sp."	"Ectomycorrhizal"
"Chalciporus"	"Chalciporus_piperatus"	"Fungal Parasite"
"Clitopilus"	"Clitopilus_prunulus"	"Undefined Saprotroph"
"Collybia"	"Collybia_sp."	"Fungal Parasite-Plant Pathogen"
"Cortinarius"	"Cortinarius_gentilis"	"Ectomycorrhizal"
"Cortinarius"	"Cortinarius_speciosissimus"	"Ectomycorrhizal"
"Cortinarius"	"Cortinarius_sp."	"Ectomycorrhizal"
"Entoloma"	"Entoloma_rhodopolium"	"Ectomycorrhizal"
"Rhodophyllus"	"Rhodophyllus_sp."	"Undefined Saprotroph"
"Fomitopsis"	"Fomitopsis_pinicola"	"Plant Pathogen-Wood Saprotroph"
"Gomphidius"	"Gomphidius_sp."	"Ectomycorrhizal-Fungal Parasite"
"Hydnellum"	"Hydnellum_sp."	"Ectomycorrhizal"
"Hygrophoropsis"	"Hygrophoropsis_aurantiaca"	"Wood Saprotroph"
"Hygrophorus"	"Hygrophorus_sp."	"Ectomycorrhizal"
"Hypholoma"	"Naematoloma_capnoides"	"Wood Saprotroph"
"Hypholoma"	"Hypholoma_capnoides"	"Wood Saprotroph"
"Hypholoma"	"Hypholoma_fasciculare"	"Wood Saprotroph"
"Hypholoma"	"Naematoloma_fasciculare"	"Wood Saprotroph"
"Inocybe"	"Inocybe_sp."	"Ectomycorrhizal"
"Lactarius"	"Lactarius_torminosus"	"Ectomycorrhizal"
"Lycoperdon"	"Lycoperdon_pyriforme"	"Wood Saprotroph"
"Mycena"	"Mycena_sp."	"Leaf Saprotroph-Plant Pathogen-Undefined Saprotroph-Wood Saprotroph"
"Mycena"	"Mycena_pura"	"Litter Saprotroph"
"Paxillus"	"Paxillus_involutus"	"Ectomycorrhizal"
"Pleurocybella"	"Pleurocybella_porrigens"	"Undefined Saprotroph"
"Pluteus"	"Pluteus_cervinus"	"Leaf Saprotroph-Wood Saprotroph"
"Pluteus"	"Pluteus_sp."	"Bryophyte Parasite-Leaf Saprotroph-Wood Saprotroph"
"Polyporus"	"Polyporus_sp."	"Wood Saprotroph"
"Psathyrella"	"Psathyrella_sp."	"Wood Saprotroph"
"Russula"	"Russula_sp."	"Ectomycorrhizal"
"Tricholoma"	"Tricholoma_equestre"	"Ectomycorrhizal"
"Tricholoma"	"Tricholoma_flavovirens"	"Ectomycorrhizal"
"Chaetomium"	"Chaetomium_globosum"	"Dung Saprotroph-Endophyte-Wood Saprotroph"
"Cyberlindnera"	"Candida_utilis"	"Animal Pathogen"
"Daldinia"	"Daldinia_concentrica"	"Wood Saprotroph"
"Entoloma"	"Elaphomyces_sp."	"Ectomycorrhizal"
"Fusarium"	"Fusarium_culmorum"	"Plant Pathogen"
"Fusarium"	"Fusarium_oxysporum"	"Endophyte-Plant Pathogen-Wood Saprotroph"
"Gyromitra"	"Gyromitra_californica"	"Undefined Saprotroph"
"Kluyveromyces"	"Kluyveromyces_fragilis"	"Endophyte"
"Lunulospora"	"Lunulospora_curvula"	"Endophyte"
"Morchella"	"Morchella_esculenta"	"Undefined Saprotroph"
"Albifimbria"	"Myrothecium_verrucaria"	"Fungal Parasite-Soil Saprotroph-Undefined Saprotroph"
"Neonectria"	"Neonectria_sp."	"Plant Pathogen"
"Neurospora"	"Neurospora_crassa"	"Endophyte-Plant Pathogen-Undefined Saprotroph"
"Saccharomyces"	"Saccharomyces_cerevisiae"	"Undefined Saprotroph"
"Trichoderma"	"Trichoderma_harzianum"	"Endophyte-Fungal Parasite-Plant Pathogen"
"Yarrowia"	"Yarrowia_lipolytica"	"Undefined Saprotroph"
"Agaricus"	"Agaricus_arvensis"	"Soil Saprotroph"
"Agaricus"	"Agaricus_campestris"	"Soil Saprotroph"
"Amanita"	"Amanita_phalloides"	"Ectomycorrhizal"
"Coprinus"	"Coprinus_comatus"	"Soil Saprotroph"
"Entoloma"	"Entoloma_sinuatum"	"Ectomycorrhizal"
"Flammulina"	"Flammulina_velutipes"	"Plant Pathogen-Wood Saprotroph"
"Fomitopsis"	"Fomes_pinicola"	"Plant Pathogen-Wood Saprotroph"
"Grifola"	"Grifola_frondosa"	"Plant Pathogen-Wood Saprotroph"
"Guepiniopsis"	"Guepiniopsis_sp."	"Wood Saprotroph"
"Lepista"	"Lepista_nuda"	"Leaf Saprotroph"
"Pleurotus"	"Pleurotus_ostreatus"	"Endophyte-Plant Pathogen-Wood Saprotroph"
"Stropharia"	"Stropharia_coronilla"	"Soil Saprotroph"
"Tremella"	"Tremella_fuciformis"	"Fungal Parasite"
"Cunninghamella"	"Cunninghamella_sp."	"Undefined Saprotroph"
"Alternaria"	"Alternaria"	"Animal Pathogen-Endophyte-Plant Pathogen-Wood Saprotroph"
"Aspergillus"	"Aspergillus_niger"	"Plant Pathogen-Wood Saprotroph"
"Botrytis"	"Botrytis_allii"	"Plant Pathogen"
"Cladosporium"	"Cladosporium_cucumerinum"	"Plant Pathogen"
"Cladosporium"	"Cladosporium_herbarum"	"Plant Pathogen-Wood Saprotroph"
"Umbelopsis"	"Mortierella_ramanniana"	"Undefined Saprotroph"
"Mucor"	"Mucor_flavus"	"Animal Pathogen"
"Rhizopus"	"Mucor_mucedo"	"Endophyte-Plant Pathogen"
"Oidiodendron"	"Oidiodendron_rhodogenum"	"Ericoid Mycorrhizal"
"Thanatephorus"	"Rhizoctonia_solani"	"Endophyte-Plant Pathogen"
"Trichoderma"	"Trichoderma_virens"	"Endophyte"
"Trichoderma"	"Trichoderma_viride"	"Animal Pathogen"
"Trichothecium"	"Trichothecium_roseum"	"Plant Pathogen"
"Acephala"	"Acephala"	"Ectomycorrhizal"
"Afroboletus"	"Afroboletus"	"Ectomycorrhizal"
"Albatrellus"	"Albatrellus"	"Ectomycorrhizal"
"Peziza"	"Aleurina"	"Ectomycorrhizal"
"Naucoria"	"Alnicola"	"Ectomycorrhizal"
"Alpova"	"Alpova"	"Ectomycorrhizal"
"Agaricus"	"Amanita"	"Undefined Saprotroph"
"Amphinema"	"Amphinema"	"Ectomycorrhizal"
"Amylascus"	"Amylascus"	"Ectomycorrhizal"
"Anamika"	"Anamika"	"Ectomycorrhizal"
"Arcangeliella"	"Arcangeliella"	"Ectomycorrhizal"
"Astraeus"	"Astraeus"	"Ectomycorrhizal"
"Aureoboletus"	"Aureoboletus"	"Ectomycorrhizal"
"Auritella"	"Auritella"	"Ectomycorrhizal"
"Austrogautieria"	"Austrogautieria"	"Ectomycorrhizal"
"Austropaxillus"	"Austropaxillus"	"Ectomycorrhizal"
"Balsamia"	"Balsamia"	"Ectomycorrhizal"
"Bankera"	"Bankera"	"Ectomycorrhizal"
"Barssia"	"Barssia"	"Ectomycorrhizal"
"Boletellus"	"Boletellus"	"Ectomycorrhizal"
"Boletopsis"	"Boletopsis"	"Ectomycorrhizal"
"Morchella"	"Boletus"	"Wood Saprotroph"
"Byssocorticium"	"Byssocorticium"	"Ectomycorrhizal"
"Byssoporia"	"Byssoporia"	"Ectomycorrhizal"
"Cadophora"	"Cadophora"	"Endophyte"
"Calostoma"	"Calostoma"	"Ectomycorrhizal"
"Cantharellus"	"Cantharellus"	"Ectomycorrhizal"
"Castoreum"	"Castoreum"	"Ectomycorrhizal"
"Catathelasma"	"Catathelasma"	"Ectomycorrhizal"
"Cazia"	"Cazia"	"Ectomycorrhizal"
"Cenococcum"	"Cenococcum"	"Ectomycorrhizal"
"Ceratobasidium"	"Ceratobasidium"	"Ectomycorrhizal"
"Chamonixia"	"Chamonixia"	"Ectomycorrhizal"
"Choiromyces"	"Choiromyces"	"Ectomycorrhizal"
"Chondrogaster"	"Chondrogaster"	"Ectomycorrhizal"
"Chroogomphus"	"Chroogomphus"	"Ectomycorrhizal-Fungal Parasite"
"Clavariadelphus"	"Clavariadelphus"	"Ectomycorrhizal"
"Clavulina"	"Clavulina"	"Ectomycorrhizal"
"Coltricia"	"Coltricia"	"Ectomycorrhizal"
"Coltriciella"	"Coltriciella"	"Ectomycorrhizal"
"Cortinarius"	"Cortinarius"	"Ectomycorrhizal"
"Craterellus"	"Craterellus"	"Ectomycorrhizal"
"Delastria"	"Delastria"	"Ectomycorrhizal"
"Cortinarius"	"Dermocybe"	"Ectomycorrhizal"
"Descolea"	"Descolea"	"Ectomycorrhizal"
"Descomyces"	"Descomyces"	"Ectomycorrhizal"
"Dingleya"	"Dingleya"	"Ectomycorrhizal"
"Elaphomyces"	"Elaphomyces"	"Ectomycorrhizal"
"Endogone"	"Endogone"	"Ectomycorrhizal"
"Entoloma"	"Entoloma"	"Ectomycorrhizal-Undefined Saprotroph"
"Fischerula"	"Fischerula"	"Ectomycorrhizal"
"Peziza"	"Galactinia"	"Ectomycorrhizal"
"Gastroboletus"	"Gastroboletus"	"Ectomycorrhizal"
"Lactarius"	"Gastrolactarius"	"Ectomycorrhizal"
"Gautieria"	"Gautieria"	"Ectomycorrhizal"
"Genea"	"Genabea"	"Ectomycorrhizal"
"Genea"	"Genea"	"Ectomycorrhizal"
"Geopora"	"Geopora"	"Ectomycorrhizal"
"Gilkeya"	"Gilkeya"	"Ectomycorrhizal"
"Glischroderma"	"Glischroderma"	"Ectomycorrhizal"
"Gomphidius"	"Gomphidius"	"Ectomycorrhizal-Fungal Parasite"
"Gomphus"	"Gomphus"	"Ectomycorrhizal"
"Gummiglobus"	"Gummiglobus"	"Ectomycorrhizal"
"Gymnohydnotrya"	"Gymnohydnotrya"	"Ectomycorrhizal"
"Gymnomyces"	"Gymnomyces"	"Ectomycorrhizal"
"Gyrodon"	"Gyrodon"	"Ectomycorrhizal"
"Gyroporus"	"Gyroporus"	"Ectomycorrhizal"
"Hebeloma"	"Hebeloma"	"Ectomycorrhizal"
"Heimioporus"	"Heimioporus"	"Ectomycorrhizal"
"Helvella"	"Helvella"	"Ectomycorrhizal"
"Octospora"	"Humaria"	"Undefined Saprotroph"
"Hydnangium"	"Hydnangium"	"Ectomycorrhizal"
"Hydnellum"	"Hydnellum"	"Ectomycorrhizal"
"Hydnobolites"	"Hydnobolites"	"Ectomycorrhizal"
"Peziza"	"Hydnoplicata"	"Ectomycorrhizal"
"Hydnotrya"	"Hydnotrya"	"Ectomycorrhizal"
"Hydnotryopsis"	"Hydnotryopsis"	"Ectomycorrhizal"
"Hydnum"	"Hydnum"	"Ectomycorrhizal"
"Hygrophorus"	"Hygrophorus"	"Ectomycorrhizal"
"Hymenogaster"	"Hymenogaster"	"Ectomycorrhizal"
"Hysterangium"	"Hysterangium"	"Ectomycorrhizal"
"Inocybe"	"Inocybe"	"Ectomycorrhizal"
"Labyrinthomyces"	"Labyrinthomyces"	"Ectomycorrhizal"
"Laccaria"	"Laccaria"	"Ectomycorrhizal"
"Lactarius"	"Lactarius"	"Ectomycorrhizal"
"Leccinum"	"Leccinum"	"Ectomycorrhizal"
"Leucangium"	"Leucangium"	"Ectomycorrhizal"
"Leucogaster"	"Leucogaster"	"Ectomycorrhizal"
"Leucophleps"	"Leucophleps"	"Ectomycorrhizal"
"Lyophyllum"	"Lyophyllum"	"Ectomycorrhizal"
"Macowanites"	"Macowanites"	"Ectomycorrhizal"
"Russula"	"Martellia"	"Ectomycorrhizal"
"Melanogaster"	"Melanogaster"	"Ectomycorrhizal"
"Meliniomyces"	"Meliniomyces"	"Ectomycorrhizal-Endophyte-Ericoid Mycorrhizal-Litter Saprotroph-Orchid Mycorrhizal"
"Membranomyces"	"Membranomyces"	"Ectomycorrhizal"
"Mesophellia"	"Mesophellia"	"Ectomycorrhizal"
"Mycoamaranthus"	"Mycoamaranthus"	"Ectomycorrhizal"
"Nothocastoreum"	"Nothocastoreum"	"Ectomycorrhizal"
"Octaviania"	"Octaviania"	"Ectomycorrhizal"
"Otidea"	"Otidea"	"Ectomycorrhizal"
"Paxillus"	"Paxillus"	"Ectomycorrhizal"
"Peziza"	"Peziza"	"Ectomycorrhizal"
"Phellodon"	"Phellodon"	"Ectomycorrhizal"
"Phylloporus"	"Phylloporus"	"Ectomycorrhizal"
"Picoa"	"Picoa"	"Ectomycorrhizal"
"Piloderma"	"Piloderma"	"Ectomycorrhizal"
"Pisolithus"	"Pisolithus"	"Ectomycorrhizal"
"Polyporoletus"	"Polyporoletus"	"Ectomycorrhizal"
"Tylopilus"	"Porphyrellus"	"Ectomycorrhizal"
"Protoglossum"	"Protoglossum"	"Ectomycorrhizal"
"Pseudoboletus"	"Pseudoboletus"	"Ectomycorrhizal"
"Pseudocraterellus"	"Pseudocraterellus"	"Ectomycorrhizal"
"Pseudotomentella"	"Pseudotomentella"	"Ectomycorrhizal"
"Pseudotulostoma"	"Pseudotulostoma"	"Ectomycorrhizal"
"Pulvinula"	"Pulvinula"	"Ectomycorrhizal"
"Ramaria"	"Ramaria"	"Ectomycorrhizal"
"Reddellomyces"	"Reddellomyces"	"Ectomycorrhizal"
"Rhizopogon"	"Rhizopogon"	"Ectomycorrhizal"
"Rossbeevera"	"Rossbeevera"	"Ectomycorrhizal"
"Ruhlandiella"	"Ruhlandiella"	"Ectomycorrhizal"
"Russula"	"Russula"	"Ectomycorrhizal"
"Sarcodon"	"Sarcodon"	"Ectomycorrhizal"
"Sarcosphaera"	"Sarcosphaera"	"Ectomycorrhizal"
"Plicaria"	"Scabropezia"	"Ectomycorrhizal"
"Scleroderma"	"Scleroderma"	"Ectomycorrhizal"
"Sebacina"	"Sebacina"	"Ectomycorrhizal-Orchid Mycorrhizal-Root Associated Biotroph"
"Serendipita"	"Serendipita"	"Orchid Mycorrhizal"
"Setchelliogaster"	"Setchelliogaster"	"Ectomycorrhizal"
"Sistotrema"	"Sistotrema"	"Ectomycorrhizal-Wood Saprotroph"
"Sphaerosporella"	"Sphaerosporella"	"Ectomycorrhizal"
"Sphaerozone"	"Sphaerozone"	"Ectomycorrhizal"
"Stephanopus"	"Stephanopus"	"Ectomycorrhizal"
"Strobilomyces"	"Strobilomyces"	"Ectomycorrhizal"
"Boletus"	"Suillus"	"Ectomycorrhizal"
"Tarzetta"	"Tarzetta"	"Ectomycorrhizal"
"Terfezia"	"Terfezia"	"Ectomycorrhizal"
"Tirmania"	"Tirmania"	"Ectomycorrhizal"
"Tomentella"	"Tomentella"	"Ectomycorrhizal"
"Tomentellopsis"	"Tomentellopsis"	"Ectomycorrhizal"
"Tremellodendron"	"Tremellodendron"	"Ectomycorrhizal"
"Tretomyces"	"Tretomyces"	"Ectomycorrhizal"
"Tricholoma"	"Tricholoma"	"Ectomycorrhizal"
"Trichophaea"	"Trichophaea"	"Dung Saprotroph-Ectomycorrhizal"
"Truncocolumella"	"Truncocolumella"	"Ectomycorrhizal"
"Tuber"	"Tuber"	"Ectomycorrhizal"
"Tulasnella"	"Tulasnella"	"Ectomycorrhizal-Undefined Saprotroph"
"Gomphus"	"Turbinellus"	"Ectomycorrhizal"
"Tylopilus"	"Tylopilus"	"Ectomycorrhizal"
"Tylospora"	"Tylospora"	"Ectomycorrhizal"
"Underwoodia"	"Underwoodia"	"Ectomycorrhizal"
"Wilcoxina"	"Wilcoxina"	"Ectomycorrhizal"
"Xanthoconium"	"Xanthoconium"	"Ectomycorrhizal"
"Xenasmatella"	"Xenasmatella"	"Undefined Saprotroph"
"Xerocomellus"	"Xerocomellus"	"Ectomycorrhizal"
"Xerocomus"	"Xerocomus"	"Ectomycorrhizal"
"Zelleromyces"	"Zelleromyces"	"Ectomycorrhizal"
"Agaricus"	"Agaricus_xanthodermus"	"Soil Saprotroph"
"Armillaria"	"Armillaria_ostoyae"	"Plant Pathogen-Undefined Saprotroph"
"Calocybe"	"Calocybe_gambosa"	"Undefined Saprotroph"
"Clitocybe"	"Clitocybe_metachroa"	"Litter Saprotroph"
"Clitocybe"	"Clitocybe_rivulosa"	"Undefined Saprotroph"
"Collybia"	"Collybia_cookei"	"Fungal Parasite"
"Collybia"	"Collybia_tuberosa"	"Fungal Parasite"
"Conocybe"	"Conocybe_subpubescens"	"Dung Saprotroph"
"Coprinopsis"	"Coprinus_lagopus"	"Litter Saprotroph"
"Cortinarius"	"Cortinarius_orellanus"	"Ectomycorrhizal"
"Cortinarius"	"Cortinarius_rubellus"	"Ectomycorrhizal"
"Cortinarius"	"Cortinarius_splendens"	"Ectomycorrhizal"
"Dendrocollybia"	"Dendrocollybia_racemosa"	"Fungal Parasite"
"Entoloma"	"Entoloma_alpicola"	"Ectomycorrhizal"
"Entoloma"	"Entoloma_byssisedum"	"Wood Saprotroph"
"Entoloma"	"Entoloma_clypeatum"	"Ectomycorrhizal"
"Entoloma"	"Entoloma_cuspidiferum"	"Undefined Saprotroph"
"Entoloma"	"Entoloma_vernum"	"Undefined Saprotroph"
"Galerina"	"Galerina_marginata"	"Undefined Saprotroph"
"Inocybe"	"Inocybe_erubescens"	"Ectomycorrhizal"
"Kuehneromyces"	"Kuehneromyces_mutabilis"	"Undefined Saprotroph"
"Mycena"	"Mycena_pelianthina"	"Litter Saprotroph"
"Mycena"	"Mycena_rosea"	"Litter Saprotroph"
"Mycena"	"Mycena_sanguinolenta"	"Leaf Saprotroph"
"Panaeolus"	"Panaeolus_fimicola"	"Soil Saprotroph"
"Panaeolina"	"Panaeolus_foenisecii"	"Soil Saprotroph"
"Pluteus"	"Pluteus_nanus"	"Wood Saprotroph"
"Pluteus"	"Pluteus_romellii"	"Wood Saprotroph"
"Pseudoclitocybe"	"Pseudoclitocybe_cyathiformis"	"Litter Saprotroph"
"Stropharia"	"Rhodocollybia_mundula"	"Soil Saprotroph"
"Russula"	"Russula_virescens"	"Ectomycorrhizal"
"Tricholomopsis"	"Tricholoma_rutilans"	"Wood Saprotroph"
"Tubaria"	"Tubaria_furfuracea"	"Leaf Saprotroph-Wood Saprotroph"
"Scutellospora"	"Dentiscutata_heterogama"	"Arbuscular Mycorrhizal"
"Paraglomus"	"Paraglomus_occultum"	"Arbuscular Mycorrhizal"
"Daedaleopsis"	"Daedaleopsis_confragosa"	"Plant Pathogen"
"Geastrum"	"Geastrum_triplex"	"Leaf Saprotroph"
"Tricholomopsis"	"Tricholomopsis_rutilans"	"Wood Saprotroph"
"Rhizophlyctis"	"Rhizophlyctis_rosea"	"Undefined Saprotroph"
"Choanephora"	"Choanephora_cucurbitarum"	"Plant Pathogen"
"Gilbertella"	"Gilbertella_persicaria"	"Plant Pathogen"
"Rhizomucor"	"Mucor_pusillus"	"Animal Pathogen"
"Mycotypha"	"Mycotypha_microspora"	"Animal Pathogen"
"Phycomyces"	"Phycomyces_blakesleeanus"	"Dung Saprotroph-Undefined Saprotroph"
"Rhizopus"	"Rhizopus_arrhizus"	"Plant Pathogen"
"Rhizopus"	"Rhizopus_stolonifer"	"Endophyte-Plant Pathogen"
"Mortierella"	"Mortierella_verticillata"	"Undefined Saprotroph"
"Spiromyces"	"Spiromyces_aspiralis"	"Undefined Saprotroph"
"Basidiobolus"	"Basidiobolus_ranarum"	"Animal Pathogen-Undefined Saprotroph"
"Schizosaccharomyces"	"Schizosaccharomyces_pombe"	"Undefined Saprotroph"
"Aureobasidium"	"Aureobasidium_pullulans"	"Animal Pathogen-Endophyte-Epiphyte-Plant Pathogen"
"Cercospora"	"Cercospora_arachidicola"	"Plant Pathogen"
"Cladosporium"	"Cladosporium_sp."	"Endophyte-Plant Pathogen"
"Cladosporium"	"Cladosporium_sphaerospermum"	"Endophyte"
"Claviceps"	"Claviceps_sp."	"Plant Pathogen"
"Blumeria"	"Erysiphe_graminis"	"Plant Pathogen"
"Gibberella"	"Fusarium_roseum"	"Plant Pathogen"
"Mycosphaerella"	"Mycosphaerella_berkeleyi"	"Plant Pathogen"
"Terfezia"	"Terfezia_sp."	"Ectomycorrhizal"
"Puccinia"	"Puccinia_graminis"	"Plant Pathogen"
"Puccinia"	"Puccinia_striiformis"	"Plant Pathogen"
"Melampsora"	"Melampsora_lini"	"Plant Pathogen"
"Uromyces"	"Uromyces_phaseoli"	"Plant Pathogen"
"Ustilago"	"Ustilago_nuda"	"Plant Pathogen"
"Amanita"	"Amanita muscaria _"	"Ectomycorrhizal"
"Amanita"	"Amanita thiersii _"	"Undefined Saprotroph"
"Aspergillus"	"Aspergillus flavus _"	"Animal Pathogen-Plant Pathogen-Wood Saprotroph"
"Aspergillus"	"Aspergillus niger _"	"Plant Pathogen-Wood Saprotroph"
"Bipolaris"	"Bipolaris sorokiniana _"	"Plant Pathogen"
"Exophiala"	"Exophiala pisciphila _"	"Animal Pathogen-Undefined Saprotroph"
"Fomitiporia"	"Fomitiporia mediterranea _"	"Plant Pathogen-Undefined Saprotroph"
"Fomitopsis"	"Fomitopsis pinicola _"	"Plant Pathogen-Wood Saprotroph"
"Gaeumannomyces"	"Gaeumannomyces cylindrosporus _"	"Endophyte"
"Paecilomyces"	"Paecilomyces variotii _"	"Animal Pathogen"
"Paxillus"	"Paxillus involutus _"	"Ectomycorrhizal"
"Pithomyces"	"Pithomyces chartarum _"	"Animal Pathogen"
"Pleurotus"	"Pleurotus ostreatus _"	"Endophyte-Plant Pathogen-Wood Saprotroph"
"Pyrenochaeta"	"Pyrenochaeta cava _"	"Litter Saprotroph-Soil Saprotroph"
"Thanatephorus"	"Rhizoctonia solani _"	"Endophyte-Plant Pathogen"
"Stereum"	"Stereum hirsutum _"	"Wood Saprotroph"
"Ustilago"	"Ustilago maydis _"	"Plant Pathogen"
"Dacryopinax"	"Dacryopinax_sp"	"Undefined Saprotroph"
"Fomitiporia"	"Fomitiporia_mediterranea"	"Plant Pathogen-Undefined Saprotroph"
"Pyrenochaeta"	"Pyrenochaeta_cava"	"Litter Saprotroph-Soil Saprotroph"
"Stereum"	"Stereum_hirsutum"	"Wood Saprotroph"
"Ustilago"	"Ustilago_maydis"	"Plant Pathogen"
"Trichoderma"	"Hypocrea_koningii"	"Endophyte-Plant Pathogen"
"Hypocreales"	"Hypocreales"	"Undefined Saprotroph"
"Exophiala"	"Exophiala_sp"	"Animal Pathogen"
"Epicoccum"	"Epicoccum_nigrum"	"Endophyte-Plant Pathogen"
"Mucor"	"Mucor_racemosus"	"Endophyte-Plant Pathogen"
"Acarospora"	"\"Mycosphaerella_pneumatophorae\""	"Lichenized"
"Acarospora"	"Acarospora_laqueata"	"Lichenized"
"Acarospora"	"Acarospora_schleicheri"	"Lichenized"
"Acarosporina"	"Acarosporina_microspora"	"Undefined Saprotroph"
"Agonimia"	"Agonimia_sp."	"Lichenized"
"Aleuria"	"Aleuria_aurantia"	"Undefined Saprotroph"
"Apiognomonia"	"Apiognomonia_errabunda"	"Endophyte-Plant Pathogen"
"Arthrinium"	"Apiospora_montagnei"	"Dung Saprotroph-Plant Pathogen"
"Bacidia"	"Arthonia_caesia"	"Lichenized"
"Ascobolus"	"Ascobolus_crenulatus"	"Dung Saprotroph-Undefined Saprotroph"
"Ascodesmis"	"Ascodesmis_sphaerospora"	"Dung Saprotroph"
"Bionectria"	"Bionectria_ochroleuca"	"Fungal Parasite"
"Blumeria"	"Blumeria_graminis"	"Plant Pathogen"
"Botryosphaeria"	"Botryosphaeria_dothidea"	"Plant Pathogen"
"Botryosphaeria"	"Botryosphaeria_stevensii"	"Plant Pathogen"
"Botryotinia"	"Botryotinia_fuckeliana"	"Plant Pathogen"
"Bulgaria"	"Bulgaria_inquinans"	"Plant Pathogen-Undefined Saprotroph-Wood Saprotroph"
"Caloscypha"	"Caloscypha_fulgens"	"Undefined Saprotroph"
"Canoparmelia"	"Candelariella_terrigena"	"Lichenized"
"Cladonia"	"Canoparmelia_caroliniana"	"Lichenized"
"Capnodium"	"Capnodium_coffeae"	"Plant Pathogen"
"Capnodium"	"Capnodium_salicinum"	"Plant Pathogen"
"Capronia"	"Capronia_pilosella"	"Undefined Saprotroph"
"Ceratocystis"	"Ceratocystis_fimbriata"	"Plant Pathogen"
"Chaetosphaeria"	"Chaetosphaeria_tortuosa"	"Wood Saprotroph"
"Cheilymenia"	"Cheilymenia_stercorea"	"Undefined Saprotroph"
"Chlorociboria"	"Chlorociboria_aeruginosa"	"Wood Saprotroph"
"Cladonia"	"Cladonia_caroliniana"	"Lichenized"
"Claviceps"	"Claviceps_purpurea"	"Plant Pathogen"
"Clavispora"	"Clavispora_lusitaniae"	"Animal Pathogen"
"Bipolaris"	"Cochliobolus_heterostrophus"	"Plant Pathogen"
"Bipolaris"	"Cochliobolus_sativus"	"Plant Pathogen"
"Dibaeis"	"Connersia_rilstonii"	"Lichenized"
"Tolypocladium"	"Cordyceps_ophioglossoides"	"Fungal Parasite"
"Corollospora"	"Corollospora_maritima"	"Endophyte"
"Cryphonectria"	"Cryphonectria_parasitica"	"Wood Saprotroph"
"Cudoniella"	"Cudoniella_clavus"	"Undefined Saprotroph"
"Cyphellophora"	"Cyphellophora_laciniata"	"Animal Pathogen"
"Mycosphaerella"	"Davidiella_tassiana"	"Plant Pathogen"
"Debaryomyces"	"Debaryomyces_hansenii"	"Undefined Saprotroph"
"Dermea"	"Dermea_acerina"	"Undefined Saprotroph"
"Phomopsis"	"Diaporthe_phaseolorum"	"Plant Pathogen"
"Dothidea"	"Dothidea_insculpta"	"Undefined Saprotroph"
"Dothidea"	"Dothidea_sambuci"	"Plant Pathogen"
"Aspergillus"	"Emericella_nidulans"	"Undefined Saprotroph"
"Endocarpon"	"Endocarpon_pallidulum"	"Lichenized"
"Epichloë"	"Epichloë_typhina"	"Plant Pathogen"
"Eutypa"	"Eutypa_lata"	"Plant Pathogen"
"Geoglossum"	"Geoglossum_nigritum"	"Undefined Saprotroph"
"Gibberella"	"Gibberella_zeae"	"Endophyte-Plant Pathogen"
"Colletotrichum"	"Glomerella_cingulata"	"Endophyte-Plant Pathogen"
"Gnomonia"	"Gnomonia_gnomon"	"Plant Pathogen"
"Phyllosticta"	"Guignardia_bidwellii"	"Plant Pathogen"
"Gyromitra"	"Gyromitra_esculenta"	"Undefined Saprotroph"
"Helvella"	"Helvella_compressa"	"Undefined Saprotroph"
"Hydropisphaera"	"Hydropisphaera_erubescens"	"Undefined Saprotroph"
"Nigrospora"	"Khuskia_oryzae"	"Endophyte-Plant Pathogen"
"Kluyveromyces"	"Kluyveromyces_lactis"	"Undefined Saprotroph"
"Lichinella"	"Lachancea_waltti"	"Lichenized"
"Lachnum"	"Lachnum_virgineum"	"Undefined Saprotroph"
"Leotia"	"Leotia_lubrica"	"Undefined Saprotroph"
"Lichinella"	"Lichinella_iodopulchra"	"Lichenized"
"Lindra"	"Lindra_thalassiae"	"Undefined Saprotroph"
"Lulworthia"	"Lulworthia_grandispora"	"Undefined Saprotroph"
"Pyricularia"	"Magnaporthe_grisea"	"Plant Pathogen"
"Melanospora"	"Melanospora_zamiae"	"Endophyte-Plant Pathogen"
"Peltula"	"Microascus_trigonosporus_rigonosporus"	"Lichenized"
"Mollisia"	"Mollisia_cinerea"	"Plant Pathogen"
"Monilinia"	"Monilinia_laxa"	"Plant Pathogen"
"Phaeocalicium"	"Mycocalicium_polyporaeum"	"Fungal Parasite"
"Mycosphaerella"	"Mycosphaerella_fijiensis"	"Plant Pathogen"
"Mycosphaerella"	"Mycosphaerella_graminicola"	"Plant Pathogen"
"Nectria"	"Nectria_cinnabarina"	"Plant Pathogen-Wood Saprotroph"
"Fusarium"	"Nectria_haematococca"	"Animal Pathogen-Endophyte-Plant Pathogen-Wood Saprotroph"
"Peltula"	"Neofabreae_malicorticis"	"Lichenized"
"Ophiosphaerella"	"Ophiosphaerella_herpotricha"	"Plant Pathogen"
"Orbilia"	"Orbilia_auricolor"	"Undefined Saprotroph"
"Orbilia"	"Orbilia_vinosa"	"Undefined Saprotroph"
"Peltigera"	"Peltigera_degenii"	"Lichenized"
"Peziza"	"Peltula_auriculata"	"Dung Saprotroph"
"Pertusaria"	"Pertusaria_dactylina"	"Lichenized"
"Petriella"	"Petriella_setifera"	"Endophyte-Wood Saprotroph"
"Phaeosphaeria"	"Phaeosphaeria_nodorum"	"Plant Pathogen"
"Physcia"	"Physcia_aipolia"	"Lichenized"
"Pleopsidium"	"Pleopsidium_chlorophanum"	"Lichenized"
"Pyrenula"	"Pleopsidium_gobiense"	"Lichenized"
"Pneumocystis"	"Pneumocystis_carinii"	"Animal Pathogen"
"Potebniamyces"	"Potebniamyces_pyri"	"Plant Pathogen"
"Protomyces"	"Protomyces_inouyei"	"Plant Pathogen"
"Pyrenophora"	"Pyrenophora_phaeocomes"	"Plant Pathogen"
"Pyrenophora"	"Pyrenophora_tritici-repentis"	"Plant Pathogen"
"Pyrgillus"	"Pyrgillus_javanicus"	"Lichenized"
"Pyronema"	"Pyronema_domesticum"	"Undefined Saprotroph"
"Rhizina"	"Rhizina_undulata"	"Plant Pathogen"
"Roccella"	"Roccella_fuciformis"	"Lichenized"
"Sarcoscypha"	"Sarcoscypha_coccinea"	"Wood Saprotroph"
"Sclerotinia"	"Sclerotinia_sclerotiorum"	"Plant Pathogen"
"Scutellinia"	"Scutellinia_scutellata"	"Wood Saprotroph"
"Simonyella"	"Simonyella_variegata"	"Lichenized"
"Sordaria"	"Sordaria_fimicola"	"Dung Saprotroph-Wood Saprotroph"
"Sphinctrina"	"Sphinctrina_turbinata"	"Lichen Parasite"
"Sporormiella"	"Sporormiella_minima"	"Dung Saprotroph-Endophyte"
"Staurothele"	"Staurothele_frustulenta"	"Lichenized"
"Stictis"	"Stictis_radiata"	"Undefined Saprotroph"
"Sydowia"	"Sydowia_polyspora"	"Plant Pathogen"
"Taphrina"	"Taphrina_deformans"	"Plant Pathogen"
"Taphrina"	"Taphrina_wiesneri"	"Plant Pathogen"
"Thelebolus"	"Thelebolus_microsporus"	"Dung Saprotroph-Endophyte"
"Trichoglossum"	"Trichoglossum_hirsutum"	"Undefined Saprotroph"
"Umbilicaria"	"Trypethelium_sp."	"Lichenized"
"Xylaria"	"Umbilicaria_mammulata"	"Undefined Saprotroph"
"Venturia"	"Venturia_inaequalis"	"Plant Pathogen"
"Verruculina"	"Verruculina_enalia"	"Endophyte"
"Westerdykella"	"Westerdykella_cylindrica"	"Undefined Saprotroph"
"Acarospora"	"Xylaria_acuta"	"Lichenized"
"Xylaria"	"Xylaria_hypoxylon"	"Endophyte-Wood Saprotroph"
"Alternaria"	"Alternaria_brassicicola"	"Plant Pathogen"
"Arthroderma"	"Arthroderma_benhamiae"	"Animal Pathogen"
"Aspergillus"	"Aspergillus_clavatus"	"Animal Pathogen"
"Aspergillus"	"Aspergillus_flavus"	"Animal Pathogen-Plant Pathogen-Wood Saprotroph"
"Aspergillus"	"Aspergillus_fumigatus"	"Animal Pathogen-Undefined Saprotroph"
"Aspergillus"	"Aspergillus_nidulans"	"Undefined Saprotroph"
"Aspergillus"	"Aspergillus_oryzae"	"Animal Pathogen-Plant Pathogen-Wood Saprotroph"
"Aspergillus"	"Aspergillus_terreus"	"Animal Pathogen-Wood Saprotroph"
"Beauveria"	"Beauveria_bassiana"	"Animal Pathogen"
"Blastobotrys"	"Blastobotrys_adeninivorans"	"Undefined Saprotroph"
"Botrytis"	"Botrytis_cinerea"	"Plant Pathogen"
"Coccidioides"	"Coccidioides_immitis"	"Animal Pathogen-Soil Saprotroph"
"Bipolaris"	"Cochliobolus_carbonum"	"Plant Pathogen"
"Bipolaris"	"Cochliobolus_miyabeanus"	"Plant Pathogen"
"Bipolaris"	"Cochliobolus_victoriae"	"Plant Pathogen"
"Coemansia"	"Coemansia_reversa"	"Undefined Saprotroph"
"Colletotrichum"	"Colletotrichum_graminicola"	"Plant Pathogen"
"Colletotrichum"	"Colletotrichum_higginsianum"	"Plant Pathogen"
"Conidiobolus"	"Conidiobolus_coronatus"	"Animal Pathogen-Undefined Saprotroph"
"Coprinopsis"	"Coprinopsis_cinerea"	"Undefined Saprotroph"
"Cryptococcus"	"Cryptococcus_neoformans"	"Animal Pathogen"
"Dacryopinax"	"Dacryopinax_sp."	"Wood Saprotroph"
"Aspergillus"	"Eurotium_rubrum"	"Animal Pathogen"
"Gibberella"	"Fusarium_graminearum"	"Endophyte-Plant Pathogen"
"Gibberella"	"Fusarium_verticillioides"	"Endophyte-Plant Pathogen"
"Ganoderma"	"Ganoderma_sp."	"Plant Pathogen-Wood Saprotroph"
"Histoplasma"	"Histoplasma_capsulatum"	"Animal Pathogen-Dung Saprotroph"
"Macrophomina"	"Macrophomina_phaseolina"	"Endophyte-Plant Pathogen"
"Malassezia"	"Malassezia_globosa"	"Animal Pathogen"
"Malassezia"	"Malassezia_sympodialis"	"Animal Pathogen"
"Metarhizium"	"Metarhizium_robertsii"	"Endophyte"
"Microsporum"	"Microsporum_canis"	"Animal Pathogen"
"Mixia"	"Mixia_osmundae"	"Undefined Saprotroph"
"Moniliophthora"	"Moniliophthora_perniciosa"	"Plant Pathogen"
"Paracoccidioides"	"Paracoccidioides_brasiliensis"	"Animal Pathogen"
"Penicillium"	"Penicillium_chrysogenum"	"Plant Pathogen"
"Penicillium"	"Penicillium_digitatum"	"Plant Pathogen"
"Penicillium"	"Penicillium_oxalicum"	"Plant Pathogen"
"Scheffersomyces"	"Pichia_stipitis"	"Animal Endosymbiont-Undefined Saprotroph"
"Pneumocystis"	"Pneumocystis_jirovecii"	"Animal Pathogen"
"Pseudozyma"	"Pseudozyma_hubeiensis"	"Animal Pathogen"
"Pyrenophora"	"Pyrenophora_teres"	"Plant Pathogen"
"Rhizopus"	"Rhizopus_microsporus"	"Plant Pathogen"
"Rhizopus"	"Rhizopus_oryzae"	"Plant Pathogen"
"Rhytidhysteron"	"Rhytidhysteron_rufulum"	"Plant Pathogen"
"Rozella"	"Rozella_allomycis"	"Fungal Parasite"
"Exserohilum"	"Setosphaeria_turcica"	"Plant Pathogen"
"Sphacelotheca"	"Sporisorium_reilianum"	"Plant Pathogen"
"Thielavia"	"Thielavia_terrestris"	"Endophyte"
"Tilletiaria"	"Tilletiaria_anomala"	"Plant Pathogen"
"Torulaspora"	"Torulaspora_delbrueckii"	"Animal Pathogen"
"Tremella"	"Tremella_mesenterica"	"Fungal Parasite"
"Trichophyton"	"Trichophyton_rubrum"	"Animal Pathogen"
"Trichophyton"	"Trichophyton_verrucosum"	"Animal Pathogen"
"Tulasnella"	"Tulasnella_calospora"	"Endophyte"
"Venturia"	"Venturia_pirina"	"Plant Pathogen"
"Verticillium"	"Verticillium_dahliae"	"Plant Pathogen"
"Zygosaccharomyces"	"Zygosaccharomyces_rouxii"	"Undefined Saprotroph"
"Knufia"	"Capronia_peltigerae"	"Lichen Parasite"
"Chalara"	"Chalara_piceae-abietis"	"Endophyte-Undefined Saprotroph"
"Cladophialophora"	"Cladophialophora_chaetospira"	"Endophyte"
"Tremella"	"OTUkt0872"	"Lichen Parasite"
"Clonostachys"	"Clonostachys_rosea_f._catenulata"	"Endophyte"
"Cylindrosympodium"	"Cylindrosympodium_lauri"	"Endophyte"
"Diaporthe"	"Diaporthe_tanakae"	"Plant Pathogen"
"Exobasidium"	"Exobasidium_rostrupii"	"Plant Pathogen"
"Fusarium"	"Fusarium_chlamydosporum"	"Endophyte-Plant Pathogen-Wood Saprotroph"
"Helicosporium"	"Helicosporium_aureum"	"Wood Saprotroph"
"Hyphodiscus"	"Hyphodiscus_hymeniophilus"	"Fungal Parasite"
"Trichoderma"	"Hypocrea_virens"	"Endophyte"
"Leohumicola"	"Leohumicola_minima"	"Endophyte"
"Meliniomyces"	"Meliniomyces_bicolor"	"Ectomycorrhizal-Endophyte-Ericoid Mycorrhizal-Litter Saprotroph-Orchid Mycorrhizal"
"Meliniomyces"	"Meliniomyces_vraolstadiae"	"Ectomycorrhizal"
"Mollisia"	"Mollisia_cinerea_f._minutella"	"Plant Pathogen"
"Mycoarthris"	"Mycoarthris_corallina"	"Litter Saprotroph"
"Ilyonectria"	"Neonectria_radicicola"	"Endophyte-Plant Pathogen"
"Penicillium"	"Penicillium_melinii"	"Animal Pathogen"
"Phialea"	"Phialea_strobilina"	"Litter Saprotroph"
"Phialocephala"	"Phialocephala_fortinii"	"Ericoid Mycorrhizal"
"Phialocephala"	"Phialocephala_glacialis"	"Endophyte"
"Didymocyrtis"	"Phoma_cladoniicola"	"Lichen Parasite"
"Pyrenochaeta"	"Pyrenochaeta_lycopersici"	"Plant Pathogen"
"Sarcinomyces"	"Sarcinomyces_crustaceus"	"Endophyte"
"Sphinctrina"	"Sphinctrina_leucopoda"	"Lichen Parasite"
"Tremella"	"OTUkt4265"	"Lichen Parasite"
"Collybia"	"Collybia_cirrhata"	"Fungal Parasite"
"Laetisaria"	"Laetisaria_fuciformis"	"Plant Pathogen"
"Microdochium"	"Microdochium_bolleyi"	"Plant Pathogen"
"Talaromyces"	"Penicillium_pinophilum"	"Animal Pathogen"
"Pseudotaeniolina"	"Pseudotaeniolina_globosa"	"Endophyte"
"Syzygospora"	"Syzygospora_effibulata"	"Litter Saprotroph"
"Mucor"	"Mucor_hiemalis"	"Plant Pathogen"
"Mycoleptodiscus"	"Mycoleptodiscus_terrestris"	"Plant Pathogen"
"Stemphylium"	"Pleospora_herbarum"	"Plant Pathogen"
"Schwanniomyces"	"Schwanniomyces_yamadae"	"Animal Pathogen"
"Tremella"	"Trechispora_sp_MA_76222"	"Lichen Parasite"
"Tremella"	"Tremella_leptogii"	"Lichen Parasite"
"Exophiala"	"Exophiala_angulospora"	"Animal Pathogen"
"Exophiala"	"Exophiala_xenobiotica"	"Animal Pathogen"
"Tremella"	"OTUkt2108"	"Lichen Parasite"
"Tremella"	"OTUkt2946"	"Lichen Parasite"
"Microdochium"	"Monographella_nivalis"	"Plant Pathogen"
"Penicillium"	"Penicillium_viridicatum"	"Plant Pathogen"
"Phialemoniopsis"	"Phialemoniopsis_cornearis"	"Animal Pathogen"
"Pseudogymnoascus"	"Pseudogymnoascus_roseus"	"Soil Saprotroph"
"Trichoderma"	"Trichoderma_asperellum"	"Endophyte"
"Blastomyces"	"Ajellomyces_dermatitidis"	"Animal Pathogen-Undefined Saprotroph"
"Galerina"	"Galerina_autumnalis"	"Undefined Saprotroph"
"Ilyonectria"	"Ilyonectria_radicicola"	"Endophyte-Plant Pathogen"
"Biatoropsis"	"Biatoropsis_usnearum"	"Lichen Parasite"
"Tremella"	"OTUkt0279"	"Lichen Parasite"
"Exophiala"	"Exophiala_heteromorpha"	"Animal Pathogen"
"Neofusicoccum"	"Neofusicoccum_mangiferae"	"Endophyte-Plant Pathogen"
"Ochrocladosporium"	"Ochrocladosporium_elatum"	"Endophyte-Plant Pathogen"
"Penicillium"	"Penicillium_brevicompactum"	"Endophyte"
"Tremella"	"Tremella_foliacea"	"Fungal Parasite"
"Xenobotryosphaeria"	"Xenobotryosphaeria_calamagrostidis"	"Litter Saprotroph"
